"X_BNG","Y_BNG"
204672.6,637252
208831.6,628601
207761,626972.8
206770.3,625662.5
207117.5,623701.4
206977.4,621728.3
206080.8,635904.2
205751.3,620249.5
204246.1,618992.8
202300.4,618828.7
200487.3,618649.1
198559.3,618220
196581.6,618404.8
194655.8,618896.2
192865.7,619689.9
191275.1,620830.7
189784.8,622133.5
207160.4,634241.5
188529.4,623650
187913.3,625544.9
187219.3,627144.9
186120,628721.6
186362.2,630668.1
186626.8,632629.4
186994.8,634512.4
186100.8,636213.3
185219.6,637999
184364.3,639789.7
207725.3,632353.9
184155.8,641754.4
184714.5,643650.5
185333.3,645491.9
185984.4,647371.9
186911.3,649129.5
188504.7,650296.5
189792.2,651697.6
191385.5,652810.8
192879.6,654069.9
194834,654388.1
208459.4,630506.3
196748.8,653887.9
198436.9,652827.6
200103.4,651738.3
201342,650204.7
202738.2,648777
203610.5,646998
204031.3,645066.2
204552.6,643156.8
204858.7,641198.8
205031.4,639222.1
466163.6,1173056
469231.3,1169426.1
467776.7,1168073.1
465859.8,1167622.9
464450.5,1168732
464727.3,1170671.6
467978,1173850.6
469969.8,1173948.4
471222.8,1172742
470578.2,1170889.8
122690.2,807727.6
127857,802467.2
126011.2,803194.1
124022.2,803266.6
124690.2,807727.6
122154.9,802557
120162.6,802589.7
119012.4,804060.9
119421.2,805981.6
121039.5,807063.7
126689.1,807696
128630.5,807302.5
129667.6,805866.3
107269.7,743612
100872.1,739032.9
118450.6,750862.2
116686.7,750107
114755.5,749921.7
113068,749323
111609.1,748673.9
111528.5,746702.8
110202.1,745253.4
108670.3,744075.9
99862.5,737372.9
98034.5,736584.8
96087.2,736796.3
94442,737856.6
105820.6,742730.3
92654.5,738160.5
91308,739528.3
91328.1,741508.7
91634.6,743432.1
90635.7,745081.2
90922.6,746983.4
92342.3,748308.2
93919.7,749492.6
95667.9,750391.8
97646.9,750384.3
104406.8,741373.2
99516.6,749885.4
101355.6,750293.5
103162,751082.7
105126.2,751234.5
106545,751950.3
108268.6,752961.4
109482.5,754390.2
111030.4,755608.1
112690.8,756631.8
114032.6,757925.7
102450.5,741412.6
115215.9,759418.2
116452.4,760931.8
118056.6,762075.8
119719.4,763119.4
121102.9,764501.2
122839.7,765443.8
124577.3,766384.7
126180.5,767238.4
127958.7,768090.7
129721.8,767336.3
100794.3,741004.3
130148.5,765435.2
129590.4,763562.8
129028.4,761667.3
128178.3,759870.3
127141.5,758178.3
126174.5,756440.3
124916.7,754897.9
123354.1,753766.4
121904,752434.1
120290.5,751317.6
143922.7,702497.7
142420.5,693953.7
141682.5,692276.3
141222,690350
140024.5,688814.9
139129.8,687105.5
144991.3,700821.8
138188.8,685371
136465.3,684518.9
134537.2,684565.5
132566.6,684640.9
131310.5,686096.4
131487.1,687986.1
131627.7,689912.9
131688.7,691877.4
132824.9,693427.3
133381.8,695283.8
145013.4,698890.9
134157.2,697107.8
135485.4,698574.7
136913.8,699928.9
138660.4,700789.3
140222.8,701991.3
141814.4,703103.5
143869.7,697273
143264.2,695750.9
145623.4,790181.4
150805.2,787112.8
150764.2,785113.5
150287.4,783180.1
149245.9,781687.3
147290.3,781575.2
146686.4,791732.8
145455.3,782357
143813.5,783492.4
142602,785041.3
142696.5,786996.3
143924.3,788545.6
148646.2,791955.7
150275.4,790967.8
150805.2,789112.8
315936.8033,476040.417
316855.0746,476436.3688
317589.6916,476753.1303
319132.8621,477167.1333
322441.2468,681504.5764
160451.2736,745349.0153
158765.4292,746425.0862
153544.1759,754869.1789
162322.6087,744647.1391
164224.4923,744033.4394
166150.1763,743493.3086
172762.2391,739077.5964
155213.5653,751237.3161
154363.8057,753044.8415
156335.6683,749581.7543
157457.7713,747926.1925
167959.7197,742660.7591
169471.5452,741351.6531
171116.8922,740214.6248
250985.1891,549349.0023
188736.5524,678719.7924
152724.546,756693.5163
151342.6414,758109.9401
146083.9201,760789.4527
147991.1758,760261.1206
149743.225,759309.2745
238423,362302
331695.9051,473528.5244
331755.5005,474526.747
348313.6741,183264.8492
444709.9981,97584.99584
434158.9996,93415.9992
449631.3797,102783.9396
585951.75,181445.98
418979.8,1072518.5
422679.1,1070706.8
421622.9,1069020.5
419876.1,1068229.9
418729.1,1069726.5
419867.9,1074301.6
421407,1075520.1
422968.8,1074606.2
423177.5,1072636.4
391670.5,1138160
399037,1136022.8
399317.7,1137959.1
399701.4,1139763.9
398914.5,1141521.2
397792.3,1143077.6
393044.5,1136803.4
395895.8,1143626.3
394055,1142907
392521.2,1141639.8
391671.7,1139863.9
394364.4,1135428.7
395874.9,1134201.8
397778.6,1134517.6
435674.8,90821.3
444717.3,94304.2
432026.3,89468.5
433491,90770.9
445792.1,95718.6
447221.5,97015.3
449044.6,97626.1
450902.3,97538.7
437525.6,91401.7
452684.2,96799.8
454055.3,95428.7
455701.3,94480.9
457544.8,93965.9
459515.2,93967.1
461460.2,93567.2
463408.1,93119.3
464986.7,92050
465991.3,90393
467445,89039
439173,92503.9
467761.1,87114.3
466589.9,85554.7
465311.8,84087.5
463495.3,83418.4
461636.6,82891.7
460759.8,81242.7
460578.2,79298.2
460014.7,77397
458617,76010
456752.4,75328.4
441050,93010.1
454934,74566.9
453075.8,73864
451134.5,73517.3
449177.9,73338.4
447489.9,74341
446349,75932.9
444776.3,77119.5
443260.1,78345.9
441652.4,79496.9
439862.4,80338.6
442866.5,93573.9
438039,81143.4
436488.3,82383.3
435058.4,83526.8
433088.6,83263.4
431162,82788.9
429192,82695.9
427617.8,83874.3
427530.2,85790
428863.1,87206.6
430513,88273.6
136341.9,642545.4
128653.3,638330.2
143310.7,681613.6
145307.4,681728
147304.1,681842.4
148202.9,682770.7
148572.2,684712.4
149512,686448.9
150667.3,688063.2
151606.7,689779.2
152902.9,691284.2
154560.3,692382.2
126847.9,639093.8
155743.9,693862.1
157437.7,694895.4
159067.1,696039.2
160718.1,697099.2
162041.5,698567
163722.6,699563.6
165277.8,700640.5
166793.9,701774.4
168787,701923
170706.4,701569
125246.1,640182.5
171815.3,699959.1
172282.8,698017.2
172253,696039.7
171262.5,694354
170192.1,692677.5
169044,691045.7
168235.9,689275.6
167540,687453.8
166446.3,685795.1
165071.8,684385.9
124883,642072.9
164293.8,682573.9
163311.1,680852
162287.4,679202.7
161658.4,677329.2
160730.9,675582
159881.2,673828.9
159636,671909.8
158379,670365.9
157048.2,668907.9
155406.1,668283.3
125290.5,644004.3
155314.5,666364.8
154652.2,664543.9
153894.6,662713
152909.2,660985.8
151788.7,659329.2
150668.1,657672.5
149547.6,656015.9
148833,654204.7
149144.9,652391.6
149375.4,650424.3
135201.1,641153.9
125693.9,645916.5
148418.6,648710.5
146892.3,647474.3
145689.5,645974.5
144515.5,644444
142585.2,644216.8
140818.4,643378.5
139006.3,642649.7
137084.6,642564.1
126698.1,647632.7
127882.3,649213.9
129670.5,649959
129493.8,651664.4
128454.1,653247.6
126555.3,653727.4
125305.7,654830.3
124111.1,653245.8
122599.6,651943.6
133986.3,639604
120922.4,650880.1
119386.8,649635.1
117504.4,649129.4
115695.5,649948.1
114558.4,651545.1
113769.9,653361.5
114361.7,655187.9
115082.9,656788.2
115761.6,658651.2
116865.1,660284.1
132466.2,638471.5
117887.8,661924.8
117128.5,663444.1
117023.2,665384.6
118080.1,667042.3
118498.4,668682.8
119075.6,670555.7
119654.6,672449.5
121342.8,673427.2
123204.2,674055.4
124840.7,674545.2
130605.4,637978.8
126506.8,675602.8
128018.6,676892.7
129946.1,677161.1
131485.1,675980.8
133059.9,676811.1
134611,678015.8
135990,679418.8
137580.7,680564.8
139407.4,681029.8
141338.2,681443.3
165022,862998.8
163085.1,853208.8
162692.9,851247.7
162281.4,849290.6
161847.6,847338.2
160739.1,845673.7
164792.7,861011.9
160162.8,843773.8
160318.8,841789.4
161071.7,839936.7
161418.7,838038
160694.7,836213.1
161182.5,834472.5
162622.4,833085.7
163905.3,831563.2
165049.8,829923.6
166401,828575.2
164371.4,859063
168359.7,828188.2
163829.9,857137.7
163445.7,855176
140903.4,781664.8
139976.9,778077.3
138391.3,779232.6
137692.3,781069.2
138640.7,782566.5
142750,781147.2
144084.3,779886.2
143577.2,778031.7
141782.8,777347.2
86622.2,601046.2
95806.1,598304.5
150781.1,571378.3
151815.7,569676
152631.1,567859.2
153178.2,565935.3
154326.2,564757.1
155788.2,563516.1
156280.5,561645.1
157488.7,560078.1
159332.6,559809.7
161097.7,558890.5
97583.3,598699.9
162731.5,557757.9
163622.2,555971
164420.5,554140
164966.3,552215.9
164998.2,550245.1
164901.6,548298
164901.6,546344.7
164893.5,544344.7
165029.8,542363.4
165547,540431.4
98797.1,600185.5
166891.1,539553.5
168839.8,539304.4
170674.4,538636.1
172583.24,537681.37
173350.1,535749.6
174465.5,534128.3
174515.3,532158.8
174425.7,530181.4
175364.5,528468.4
176442.6,526859.4
100649.3,600901.8
177272.8,525043.1
177335.4,523109.5
177294.4,521190.4
177647.5,519290.7
178431.7,517721.6
179775.4,516311.5
179744,514392.7
179601.2,512444.7
178932.1,510612.5
177871.4,509007.1
101978.8,602069
177881.9,507310.8
177648.6,505363.1
177493.1,503397.6
176212.1,501952
175712.1,500092.7
174932.6,498372.9
173799.7,496819.9
172766.7,495300.9
171292,493977
170149.1,492549.2
88137.3,599738.3
103788.1,602708
168851.8,491027.8
167538,489520.3
166275.3,488025.9
164462.9,487355.9
163172.1,485860.4
161366.5,485214.9
159713.3,486242.5
158838.2,488014.1
156896.9,488060.2
155043.8,487467.6
105616.7,602070.5
153131.6,487608.2
151281.7,487481.5
149641.2,486337
149104.2,484922.4
149553.8,482973.6
149394,481001.2
149015.7,479037
148191.8,477223.3
147918.2,475304.4
147165.9,473485.7
107572.8,601890.2
145753.3,472070.9
144089.4,470966.4
142731.7,469569.1
141280.5,468286
139388.9,467733.7
138043.2,466261.5
136315.9,465252.6
134537.4,464359.5
109404.7,602695.4
110731.8,604004
112387.6,605085.4
114130.4,606005.1
116088.9,606296.4
117759.8,605343.3
119399.1,604463.1
89846.4,598796
121187.7,604750.5
123109.8,605094.8
124936.2,604361.7
126645.7,603404.3
128518.4,602900.1
129796.4,601430.2
131419.7,600311.2
133369.6,600728.4
134940.3,601965.4
136890,602301.2
91806.3,598456.6
138522.1,601254.8
139947.7,599931.2
141609.6,598832.8
143349.6,597977.1
143882,596120
145061.6,594582.5
145745.8,592724.3
145784.6,590740.4
145268,588851.7
144946.7,586955.6
93806.2,598380.5
144574,585023.2
143591,583306.3
145039.6,582963.6
146957.1,582575
148462.7,581318.7
149178.3,579516
148703.7,577574
148203.3,575637.3
147711.6,573806.7
149242.2,572655.6
334073.3,983077.8
325009.4,986388.5
341942.5,1051807.8
342937.8,1053215.9
344403,1054522.2
346095.4,1055556.9
347709.9,1056737.3
349401.4,1057780.3
351318.3,1057493.5
352443.6,1055888.7
352766.1,1053956
351869.9,1052216
323418.8,987525.5
352130.4,1050272.2
351672.6,1048353.5
351056.2,1046546.7
351942.3,1044796.5
353789.1,1044033.4
355649.3,1043298.8
357549.2,1042751.8
359402.7,1042037.9
361208.6,1041580.8
362829.6,1042504.2
322436.4,989230
363061.4,1044196.9
363153.1,1046174.4
364543.3,1047513.9
366407.6,1047637.1
367944.8,1048818.1
369871.6,1048813.4
371679.2,1048174.2
372689.2893,1046938.149
373272.1,1048843
373486.5,1050683.9
321654.3,991030.1
372511.5,1052342.5
372997.4,1054249.9
373580.7,1056115
374892.4,1057556.7
376823,1057987
378764.6,1058212.4
380340.4,1057087
381059.8,1055254
380175.6,1053533.2
379496.7,1052139.1
320706.1,992707.4
378496,1050501.4
378314.2,1048620
378245.2,1046625.9
379565.9,1045740.9
380694.8,1044170.2
380289.6,1042264.4
378576.9,1041361.9
376608,1041323.4
374709,1041674.3
373564.5,1040680.5
332263.9,983929.9
319445.1,994238.5
372967.8,1039013.7
373131.1,1037049.8
371829.3,1035620
369901.3,1035765.8
368464.4,1035581.7
366538.3,1035425.8
364909.2,1036112.2
363834.2,1034476.5
364752.8,1032870.7
366387.8,1032130
318764.2,996109
368199.5,1031437.3
368995.3,1029637.2
369882.3,1028133.8
371071.8,1026609
370770.4,1024751.8
371792.8,1023120.4
371265.3,1021275
370461,1019534.3
368579.5,1019070.2
366748.8,1018876.8
317490.9,997130
364842,1018673.4
363119.2,1019108.3
361141.1,1018981
359334.7,1019740
358500.3,1021498.4
358948.3,1023415.3
359723.2,1025215.7
358527.5,1026409.9
356709.2,1026725.1
356381.7,1024752.1
315789.4,998015.6
356099.4,1022784.5
356124.8,1020812.1
355513.3,1018947.4
355553.1,1017212.4
355597.4,1015243.5
355934.4,1012591.2
356435.6,1010663.2
358109.2,1011377.7
360042.2,1011438.9
315381.6,999932
361247,1009947.1
361528.6,1008041.2
361238.9,1006100.9
361178,1004212.4
360417.2,1002413.7
358607.5,1001743
356814.3,1001157.5
355469.5,1000081.7
354612.7,998357.7
353192.4,997010
316195.5,1001691.5
352325.6,995481.7
351000.7,994031.2
351284.3,992118.8
350052.9,990634.7
348942.4,989263.9
348582.2,987316.2
349502,985626.7
349058.9,983706.8
348342,981897.6
346540.7,981125.3
316730,1003598.1
344592.4,980824.8
342861.7,981701.3
340920.7,981788.3
338946.8,981636.5
337005.7,981682.6
335202.3,982546.2
317581.5,1005384.9
319112.9,1006652.4
320929.4,1007433.3
330454.5,984782
320327.7,1008894.8
320044.3,1010850.1
319637.4,1012726.9
319870.6,1014674.9
320175.6,1016634.3
320394.2,1018562.2
320915.2,1020432.2
320812,1022400.2
320526.7,1024318.4
320856.3,1026213.4
328645.1,985634
322106.7,1027743.8
322715.8,1029509.1
324381.5,1030526.4
326312.1,1030994.7
328117.9,1031812.2
330019.9,1032341.6
332005.5,1032310.3
333691,1033223.8
335186.6,1034464.1
336401,1036017.3
326921.7,986615.5
337362.6,1037717.4
338020.7,1039606
338678.8,1041494.6
339337,1043383.2
340021.8,1045256.8
339020.7,1046767.2
337783.7,1048313.9
337297.4,1050232.2
338223.1,1051931.6
340140.3,1052161.1
145123.9,928597.9
144233.8,919110.4
94828.2,861365.5
94198.7,859490.5
93897.7,857627.5
93181.1,855787.9
92247.4,854081.2
91036.5,852555.4
90759.2,850577.6
90560.4,848587.6
90596.9,846605.2
90060.4,844701.4
144368.7,917166.8
88647.1,843334
88502.5,841799.2
88882.2,839910.7
87935.2,838231.5
88774.6,836680.5
89257.4,834765.1
88622.7,832897
87510,831311.2
85986.7,830440.3
144265.9,915189.5
85384.6,828555.4
84526.1,826806.9
84720.9,825111.5
85580,823386.3
84943.4,821578.4
84979.1,819600.3
84645,817932.7
86014.9,816539.8
86671.2,814723.3
85885.5,812937.6
144739.2,913302.8
84767.9,811315
82920.9,810623.3
82144.7,808917.5
81187.3,807199.8
80189.9,805496.3
79276.3,803717.2
78184.8,802047.8
76863.8,800547.9
75071.9,799822.8
73552,798648.8
144091.5,911449.7
72072.4,797879.3
71124.4,796149.6
71270,794499
70849.6,792584.1
69387.9,791251.8
67774.7,790069.6
66400.8,788666
64806.9,787639.9
63639.5,786016
62104.8,784834.2
145137.2,926887.5
142925.6,909894.2
60167.1,784698.5
59402.1,782982.1
59277.3,781089.6
59492.2,779183
58024.2,777949.4
56124.5,777381.1
54373.7,778219.6
53001.6,779613
52672.9,781581.3
53114.8,783473.6
141991.4,908201.1
53512.5,785391.6
55144.5,786437.4
55910.7,788176.1
57513.2,789237.6
58478.4,790976.9
58947.9,792845.8
59737.6,794468.6
58661.7,796064.3
59365.1,797859.8
60174.9,799639.3
140101,907649.8
61099.9,801386.6
62627.6,802592.3
62721.3,804318.5
63130.6,806191.8
64892.8,807045.4
66872.2,807047
67340.6,808637.2
67606.6,810583.8
68638.7,812256.2
70270.8,813371.7
138824.6,906666.5
71784.4,814679
71500.8,816468.3
71233.4,818388.9
71076.7,820315.3
70766.3,822216.5
70525.4,824192
70650.9,826164.5
70086.4,827920.3
69105.6,829607.7
69750.2,831413.4
138328.4,904795.8
71180.2,832563.1
71353,834474.6
72143.7,836275.5
73118.2,837836.9
73482.9,839795
73315.3,841786
72731.5,843681.4
71789.6,845395
72326.5,847283.6
73975.9,848309.5
137560.5,903122.3
74480,850153.2
73908.4,851932.7
73674.8,853879.5
73916.2,855809.5
75300.8,857179
76578.5,858112.2
76304.5,860063
75324.9,861800.8
73991.6,863266.7
72352.8,864192.5
136476.3,901499.7
70717,865273.1
69700.8,866854
68134.2,867959.9
66999.6,869530.5
66924.6,871477.8
68244.6,872925.9
69381.9,874483.8
70551.5,875998.1
71005,877886.2
72743,878793.8
134563.9,901196.8
74701.3,878734.9
76663.9,878778.1
78573.5,879236
80191.1,879869.2
81722.3,881073.7
82450.1,882836.6
83391,884589.1
84217.8,886410.2
85044.6,888231.3
85451.1,890178.5
132891.5,900153.7
85626,892156.6
86985.1,893518.7
88837.6,894272.5
90690.1,895026.4
92542.6,895780.2
94395.1,896534.1
95830.9,897829
96966.4,899432.4
96945.7,901401.5
98327.3,902741.2
131247.9,899163.5
99926.2,903538
101372.1,904877.6
100411.1,906452
98669.2,907382.6
97795.3,909148.7
96256.6,910321.8
95613.4,911963.9
94065.7,913158.9
93331,915004.3
93296.5,916964.7
145066.6,924924.6
129398.8,898549
94673.9,918324.1
95148.9,920266.8
95582.2,922211.8
95805.6,924185.6
95898.8,926183.5
96312.2,928121.7
97292.4,929815.3
98422.6,931346.2
98290.6,933295.5
99365.1,934920.1
127561.1,899192.7
101063.3,935882.5
101627.4,937775.8
102526.5,939543.7
103971.4,940902
105851.3,941368
107346.7,940167.7
108400.4,941234.1
109261.1,943039.5
110229.3,944776.8
112038.5,945469.1
125701.6,899600.4
114036.8,945436.6
116036.8,945433.2
117463.4,946358.3
119217.7,947244.7
121125.3,947728.3
122684,948952.1
124259.4,950094.9
125810,951156.4
127672.9,951823.7
129534.3,951310.3
125706.6,897985.7
131102.9,952304.1
132938.5,952826.3
133954.5,954536.4
135389,955888.9
137014.5,956912.4
138690.2,957980.2
139970.5,959465.5
141687.9,960469.4
143448.3,961350.3
145110.6,962378
126595.2,896241.7
146272.2,963976.6
148153.8,964482.3
148745.5,965991.7
149789.9,967612.7
151609.1,968355.1
153470.1,967865
154825.8,966477.6
156146.7,965057.5
156843.1,963242.6
158072.7,961692.2
126764,894300.9
158188.3,959769.5
158134,958088.9
158776.7,956239
158487,954274.7
157234.1,952818
156329.9,951050.8
156244.9,949266.9
157931.4,948323.3
158415.1,946442.1
157164.2,944989.2
125391,892918.3
155444.1,944259.9
154093.2,942806.1
153747.4,941048.9
154869.7,939768.1
156747.5,939851.9
158626.2,939242.1
159498.2,937534.6
159022.5,935616.8
158138.4,933882.1
157736.1,932006.5
123543.5,892207.3
156449.5,930491.3
154763.5,929475.9
153435.9,928083.9
151637.7,927246.8
149656.5,927190.9
148147,928396.5
146533,928839.1
121785.5,891541
120231.1,890282.5
144508.1,923016
118454.3,889466
117188.2,888376.8
115397.5,887687.3
113464.7,887726.4
112392.1,886133.6
111122.1,884687.3
109477.6,883672.6
107894.4,882833
106773.9,881276.9
105281.8,879994.5
144189.3,921078.1
103975.3,878484.8
102933.1,876851.2
101940,875115.8
101158.3,873310.2
100003,871755.4
98800.5,870185.6
97739.2,868516.9
97215.6,866624.3
96411.6,864804.4
95424.8,863076.9
416756.6,1163075.3
418703.7,1162844.3
419557.2,1161085
414383.6,1158927.1
413049.5,1160364
413125.8,1162207.7
414772.9,1163234.6
144381.8,799560
140969.4,791000.3
139563.1,789606.1
137703.3,788963.2
135767.1,789378.4
134430.3,790827.6
144655.8,797630.1
132727.6,791786
132320.2,793671.8
131010.8,795080.9
129707.5,796548.1
128304.1,797956
127551.3,799765.5
128473.6,801452
130020.4,802633
131433.9,803942.8
132907.3,805252.9
143904.2,795825.1
134615.8,806252.8
136485.3,806768.3
138429.8,806832.9
140087.7,805752.6
141541.8,804437.4
143121.6,803238.8
144092.6,801517.5
143595.6,793870
142516.4,792209.8
436291.5,1106943
432709.1,1115224.5
419955.9,1174599.2
418533.7,1175883.1
418322.6,1177840.9
418829,1179769.8
419829.9,1181487.9
421529.4,1182510.7
422159.3,1184375.2
423176.5,1186055.9
424769.3,1187217.9
426713.2,1187508.8
433664.2,1116864.6
428320.3,1188509.4
428989,1190382.7
428830.3,1192367
429368.4,1194232.3
430919,1195446.3
432880.2,1195207.6
434735.6,1195141.7
435894.7,1196554.9
435934.9,1198518.1
437591.6,1199335.7
433788.3,1118860.7
439317.9,1198503.9
440860.2,1197096.3
442740,1197078.2
444412.1,1198045.1
445416.2,1199760.1
445781.1,1201724.8
445822.4,1203721.9
446064.6,1205697.7
446738,1207559.6
448502.8,1208279.5
433605,1120833.7
450493.4,1208147.2
452393,1207555.9
454317.4,1207114.4
455614.4,1208466.3
455460.8,1210447.3
455024.1,1212375.3
455634.8,1214246.2
456526.8,1216034.8
457645.1,1217659
458498.6,1219464.6
434236.6,1122679
460099.1,1220606.5
461935.9,1220323.1
463781.8,1219802.1
465670.9,1219284.3
467367.7,1218226.5
468845,1216905.2
469113,1214970
468743.6,1213016.1
468535.4,1211029.7
468274,1209049.1
435182.1,1108607.1
434650.2,1124593.8
467786.7,1207115.2
466842,1205359.2
466051.9,1203531.9
465977.8,1201534.1
465697.3,1199557.3
465435.9,1197586.6
465547,1195688.2
466979.6,1194316.4
468437.7,1192951.3
468914.7,1191107.5
433416.8,1126115.5
468623.2,1189141.7
467848.7,1187312.6
466222.6,1186277.4
464277.2,1185827.8
462413.1,1185104.7
460573,1184330.1
458784.1,1183435.7
457214.1,1182237.6
456053.5,1180629.4
455362.1,1178756.5
433255.8,1128049.2
454726.1,1176866.3
454849.1,1174882.5
454416.9,1172951.5
453484.4,1171189.8
452701.4,1169361.9
452728.8,1167369.4
452723,1165374.2
452466.4,1160077.3
433374.5,1130041
452547,1158097.4
451730.1,1156288.4
451926.1,1154306.4
451504.6,1152387.3
450956.3,1150469
450685.5,1148497.4
451841.2,1147467.2
453521.7,1146461.4
454190.9,1144625.1
455536.6,1143215.4
433639.1,1132018.8
457150.1,1142098.1
457427,1140148.8
456844.4,1138261.3
455312.2,1137100
453937.5,1136401.2
453146.5,1134597.9
451326.6,1134003.3
449497.9,1134615.6
447854,1135668.8
446425.7,1134714.3
433830.9,1134004.3
446270.3,1132722.3
446739.8,1130814.7
446616.8,1128829.8
446973.6,1126966
448421.5,1125590.9
449190.4,1123856.5
448489.8,1122002.2
446759.2,1121058.8
445668.5,1119441.7
443788.6,1119000.1
432976.1,1135755
443531.2,1117035.5
442836.9,1115195.2
442876.7,1113197.9
442996,1111201.6
443084.7,1109206.5
442545.8,1107321.4
441170.2,1105944.2
439270.9,1105509.8
437348.6,1105712.4
432719.7,1137706.3
433126.2,1139653.4
432093.1,1139826.5
433897.9,1110085.5
430775.7,1138427.2
428861.8,1138609.5
427305.3,1139865.4
425754.4,1141127.2
424305.3,1142505.6
422856.2,1143884
421219.9,1145027.2
419550.7,1146128.8
417871.8,1147215.6
416204.4,1148312
432659.8,1111515.1
415194.6,1149999.8
415058.2,1151991.9
414803.3,1153975.1
414701.5,1155970.3
415812,1157557.2
421292.4,1159817.1
423251.8,1160086.2
424982,1161064.4
432193.5,1113458.4
426614.3,1162210.2
427258,1163780
427059.2,1165729.4
427904.5,1167506.6
428576.6,1169335.4
428094.9,1171266.3
427103.1,1172994.1
425366.5,1173918.8
423879.5,1174945.4
421900.7,1174783.3
155456.1,847902.1
159803.9,856892.1
147386.9,810469
145391.3,810347.3
143443.9,810421.2
141855.9,811609.7
140746.1,813166.9
138902.3,813941.7
137210.7,814915.9
136882.8,816834.7
135523.9,818105.2
134530.1,819792.3
160484.6,858772.7
133611.2,821547.8
132654.5,823176.2
131364.2,824680.5
130464.2,826379.5
129712,828204.3
128634.7,829770.3
128124,831644.3
128194.1,833635
126423.4,834144.3
124431.3,834178.3
161177.4,860648.9
122693.9,835069.8
121086.9,836251.3
119347,837165.7
117541.5,837890.7
115988.6,839080.6
114551.3,840415.9
113684.4,842208.6
113697.6,844147.9
112558.1,845076.2
110954.8,846149
161852.1,862531.6
110702.9,848096.7
111336.9,849973.4
111720.1,851865.8
113364.2,852903.9
113708.8,854711.6
114435.4,856561.9
115679.7,858100.6
117172.7,859405.9
118578.7,860828.3
119984.6,862250.8
120860.6,863966.6
121080.6,865904.9
121464.9,867841.6
123015.8,868998.3
124943.3,868920.4
126862.6,869482.8
128781.9,870045.3
130701.2,870607.7
132620.4,871170.1
134539.7,871732.6
156455.5,849634.5
135665.5,873282.6
137488.9,873952.9
138861.7,874736.4
138620,876680.9
139458,878420.7
141323.9,878889.7
143162.7,878720.2
145106.2,878415.8
146179,876798.9
147190.5,875253.3
148432.3,873720.8
148987.8,871825.6
149971.2,870360.2
151568.9,869167.1
152558.4,867440.2
153084.6,865563.2
154319.1,864055.6
154705.9,862169.8
154278.7,860286.4
154458.5,858306.3
154219.9,856337.9
154039.4,854354.9
153894.1,852407.1
154063.1,850429.2
153874.1,848445.8
153440.7,846509.5
168493.6,825542.1
170387.7,826184.4
172302.2,826757.8
174280.2,826934.8
176199.6,826398.2
178030.8,825606.2
157370.1,851412.6
179860.3,824996.2
179700.5,823166.7
178944.8,821399.6
178850.5,819438.6
177668.1,817858
176338.7,816366
175080.9,814811
173817.7,813260.4
172549.9,811713.6
171282,810166.8
158244.3,853211.3
169969.4,808658.3
168639.8,807164.3
167461.5,805570.4
166177,804094.6
165588.3,802237.9
164057.4,800994.8
162655,799623.3
161097.9,798511.7
159245.7,797979.4
157474,797290.5
159074.2,855030
155513.1,797204.3
154174.7,798594.8
153596.9,800475.4
153182.6,802410.3
153397.5,804375.3
154457.5,806063.6
154314.5,807964.6
152969.9,809410.1
151195.3,810153
149383.7,810582.1
149536.4,29180.1
145109.2,21356.1
177748,63641.8
219421.4,378700.1
219036.8,380628.2
218452.5,382494.1
219334,384252.3
220445.4,385840.5
222366.2,386072.6
224304.1,385891.2
226149.5,385384.8
227112.5,387084.7
227820.6,388913.2
179184,64906.3
227240.4,390789.3
226889.3,392734
227824.7,394436.9
229662.5,395166.2
231496,395485.7
233364.6,396107.6
235204.2,396646.4
237095.9,396828.5
238993.9,397399.1
240922.9,396982.6
181104.6,64729.4
242870.4,396714.6
244684.1,396098.2
246619,395657.8
248558,395624.8
250007.3,394353.5
250875.8,392577.1
251328.3,390647
251588.4,389005.3
253309.9,388113.1
253677.1,386207.7
182258.7,65914.7
254123.3,384293
255150.4,382655.3
256466.8,383223.6
258179.3,384222.7
260145.7,384300.9
262025.4,383635.5
263984.8,383589.9
265725.7,382707.5
266196,380833.1
265210,379125.6
182437.4,67872.5
263797.1,377772.5
262258.5,376438.7
262912.6,374463.9
264585.8,375576
266190.9,376638
267938.2,377522.5
269806.4,378212.4
271603.3,379062.7
273321.5,380063.3
182485,69689.8
273831.6,381826.7
272949.1,383546.4
273480.7,385404
275190.3,386387.7
277164.5,386251.6
279024.9,385612.2
280281.1,384316.7
282162.2,384744.8
283703.6,383564.9
285417.9,382718.5
182232.6,71593.1
286342.4,380994.7
288243.8,380840.5
290184.8,380616.8
292148.6,380491.6
294019,380699.9
295860.7,381461.4
297651.6,382336.9
299369.1,383307.1
301138.9,384179.8
303075.9,384615.7
183403.9,73168.2
304904,385395.8
306782.6,386071.9
308720,386509.1
310651.5,386949.5
312612.8,387179.7
314430.9,388013.1
316249,388846.5
318067,389679.9
319761.2,390699.8
321268.3,391959.7
183280.1,74966.9
323054.8,392838.1
324920.3,393539.5
326623,394557.2
328084.2,395880.2
328961.9,397107.3
328295.8,398931.8
327800.3,400867
327184,402683.9
325868.3,404185.8
324959.2,405930.6
182956.5,76868.1
325016.2,407912.5
325598.5,409823.3
326476.2,411609.7
327609.9,413256.5
328602.3,414989.5
329642.4,416696.8
330627.2,418409.2
332087.3,419760.2
333377.2,421266.5
334802.1,422624.8
143190,20902.9
184150.8,78409.9
335962,424172.7
334870.5,425053
332915.7,425371.7
331177.5,426347.4
329926.2,427892
329028.2,429675.3
328326.9,431534.3
328307.9,433523.7
328498,435508.6
328490.1,437508.6
186090.8,78811.8
328596.2,439504.7
328993.2,441461.1
329031.3,443442.9
328981.9,445436.1
328904.4,447432.3
329701,449228.6
331427.9,450132.3
333348.5,450588.3
335298.5,450742.4
337089.1,451629.6
187882.3,78315.2
339033.7,452063.4
340934.5,451613.3
340688.9,453045
340134.8,454886.3
339287.8,456683.1
338194.4,458287.2
337484.3,460072.9
338385.6,461810.2
339693.8,463252
340706.8,464955.2
189333.9,79618.3
342149.4,466268.3
344020.4,466882.7
345038.2,468464.7
345013.5,470084.4
344074.9,471833.8
343583.2,473742.1
342273.3,475153.2
341397.4,474000.9
340953.6,472070.4
339299.1,471101.9
190454.9,81070.9
337404.1,471060.9
335438.1,471137.8
333736.2,472166.7
332596.1,473744.2
331262.2,472370.8
330528.5,470532.9
329531.1,468838.3
328144.3,467432.9
326754,466025.1
326001.9245,464343.3021
191655.5,82596.7
325805.5,462360.3
324468.7,460945.5
322565.4,460345
320603.1,460399.9
319044.9,461611.3
317970.7,463291.1
317006.6,465043.3
316092.7,466821.2
315394.4,468692.9
315106.7,470665.6
193418.8,83398.3
315294.5,472649.7
316038.8,474498.2
315766,475992
313800.7,475859
312088.5,476818.1
311040.2,478515.2
310078,480267.9
309055.5,481986.1
307847.2,483574.3
306822.4,485278.9
195161.8,82570.4
305947.7,487065.7
305374.2,488941
305703.2,490868.9
305266.5,492761.8
304511.9,494593.9
303377,496229.2
302421.7,497970.2
301780.1,499795.3
300613.8,501391.8
299499.4,503026.3
196719,83358
298407.2,504687.4
297036.3,506108.9
295888,507711.6
295104.2,509537.4
293505.2,510622.2
292476.6,512294
291883.9,514189.5
292444.8,516064.6
294140.7,517083.8
294622.3,518946.8
198658,83696.8
295622,520643.9
295732.8,522617.5
296385.9,524434.9
296531.2,526392.1
296373.3,528362.1
296348.3,530328.4
297656.9,531744.4
298816.7,533345.6
300208.7,534759.1
300876.3,536612
141273.2,20560.3
200565.5,83318.2
301641.4,538383
303147.3,539674.3
304745.1,540866.2
305925.3,542449.6
305869,544419.6
305612,546371
306300.4,548241.8
307109.4,550063.6
307801.1,551925.4
308192.7,553872.9
201892.7,84558
309426.9,555403.9
310594.7,556997.3
312112.1,558269.1
313642,559265.6
314657.9,560955.6
316483.3,561897.9
318448.1,562464.9
320184.5,562869.4
320148.8,563920.6
318434.2,563763.7
202328.8,86494.8
316435.3,563529.6
314473.2,563186.5
312544.7,562796.3
310572.2,562963.5
308743.9,563679.6
307169.4,563106.7
305307.4,562416.8
303354.7,562686.6
301393.3,562934
300436.8,561773.6
202555.2,88450.8
301324.7,560082.9
301851.8,558170.9
301187.1,556334.8
300074.6,554730.8
299236.3,553045.5
297484.4,552201.5
295598.7,552700.5
293660.2,553150.4
291664.3,553163.8
290001.7,552577.3
203051.8,90352.7
288457.7,551356.1
286622.2,550621.2
284869.7,549773.7
284319.4,547956
282870.9,546592.4
281186.6,545721.8
279429.6,544815
277625,543990.4
275860.8,543152.7
274455.1,541782.1
204703.5,91386.8
272510.3,541343
270560.4,541614.8
268591.3,541594.9
266893.6,542165.8
265189.5,541281
263298.4,541863.2
261640.6,542634.7
259849.5,543488
258530.2,544972.4
257602.1,546708.8
206405.5,92330.5
256242.2,548125.4
255143.5,549342.1
252990.1,549437.9
251464.4,548029.2
251256.5,546071.6
250505.4,544437
250434.3,542452.8
249929.4,540560.2
250526.4,538778.5
250532.7,536832.1
208136.9,93233.3
249749.2,535013.2
248379.3,533573.1
246802.8,532363.4
244860.5,532192.5
243056.9,532965.6
241434.6,534117.5
239593.3,534837.6
237858.5,535815
236335.1,537076.9
234812.1,538290.8
209638,94501.1
233406.8,539526.2
232427.4,541236.3
231821.4,543121.4
230496.7,544387.5
228926.8,545610.8
227233.5,546668.8
225874,548125.8
224496.6,549506.4
222518.4,549553.3
220702.4,550323.3
210907.4,95915.8
219351.2,551741.4
218270.8,553386.9
216697.9,552997.4
214913,552105.2
213208.7,551072.1
212193.4,549576.1
212745.4,547668.4
213133.2,545750.3
213804.5,543888.6
214360.9,541993
139436.8,19955.7
211270.1,97815.8
214749,540047.6
215444.5,538308.2
216733.2,536797.9
216971.6,534862.6
216224.2,533066.2
217609.1,531821.3
217789.2,529903.6
216479.3,528487.4
214508,528322
212728.1,529108.3
212799.7,99055.4
210814.2,529631
209267.5,530875.2
207845.9,532262.9
206794.5,533885.3
206394.3,535811.6
206711.2,537751.4
207039.8,539433.8
205737.5,540824.7
205439.3,542739.2
204709,544561.1
214331.4,100278.9
204150.2,546271.4
202743.6,547629.6
201743.7,549123.8
200449.1,550597.9
198906.7,551811.6
197634.1,553329.7
196486.9,554952.1
196032.6,556859.3
195550.6,558747.8
194661.1,560514.5
216043.9,101257.9
194004.2,562380.3
193959.4,564372.6
194061.4,566364.1
194379.9,568277.4
194472.7,570230.6
195307.6,572019.9
196330.4,573720.4
197995.3,574724.5
199851.4,575203.1
201745.6,575735.4
217663.4,102369.3
203079.2,576590.3
203552.6,578494.4
204527.6,580236.6
205488.6,581977
206174.6,583732.8
207216.7,585357.1
207412.2,587332.1
208494,588985.9
210104.5,590156.2
211697.5,591333
217845.5,104260.4
212539.3,593117.7
213703,594716
215120.9,596104.8
216225.2,597533.6
216525.8,599475.4
217301.5,601284.5
218083.3,603095.2
218022.5,605085.8
217562.6,606990.2
218433.1,608727.2
217924.3,106239.2
220064.9,609854.3
221200.8,611438.5
222632.7,612571.3
222625.7,614559.8
223176.7,616467.7
224186.8,618144.8
225694.2,619430.7
227413.9,620404.7
229348.6,620755.6
231004.5,621594.4
218078.9,108212.1
231290.7,623561.2
232105,625261.3
232153,627066.9
230938.2,628623.2
229337.3,629744.3
228630.3,631543.2
229408.9,633330
230093,634620
228999.1,636255.5
227539.1,637615
218113.7,110183.9
225715.9,638303.7
224010.7,638863.9
222227.4,639662.3
220622.1,640804.2
220317.9,642702.6
219263.9,644237.9
218291,645932
216554.6,646831.6
215535.9,648505.5
215780.3,650451.7
217560.3,112076.3
216854.9,652138
218054.3,653738.2
219104.2,655422.2
219325.2,657405.5
219020.3,659355.5
217800.6,660933.7
217086.8,662779.9
216994.7,664767.3
217140.7,666721.6
217454.6,668695.6
137525.3,19486
217568.6,114004.3
217840.6,670657.2
218378.7,672579.9
219055.1,674462.1
219817.8,676303.8
218709.6,676375.7
217929.2,674535.1
217175,672686.2
216430.8,670844.6
216040.8,668883.5
215687.7,666920.6
217768.6,115917.5
214389,665810
213002.1,664309.1
212715.8,662055.3
212784.7,659709.1
212777.3,657387.8
212663.4,655391.9
212421,653406.8
212103.8,651463.6
210834.4,649962.9
208900.9,649935.6
218582.5,117714
207429.2,651261.6
206318.5,652840.5
205894.6,654767.2
204386,655572.4
202733.7,656549.9
201599.9,658189.9
201123.6,660120.9
199893.8,661496.3
198010.6,661998.7
196656.1,663387
219182.3,119580.8
194953.5,664340
193411.5,665608.7
192099,667109.2
191023,668792.7
190275.6,670639.8
189667.8,672544.1
189426.2,674586.2
189491.5,676417.7
187580.3,676566.8
187807.3,674685.8
219858.7,121423.4
188443.1,672715
189038.4,670807.6
189813.8,668965.8
190559.1,667114
191510,665378
192498.4,663647.9
193509.9,661924.7
194189.6,660071.7
193959.7,658091.7
193097.5,656313.4
220288,123306.5
191398.9,655354.8
189611.6,654721.4
187979.5,653818.9
186694,652351
185601.9,650750.8
185325.4,648785.9
184504.7,646988.8
183891.8,645099.7
183359.9,643262.9
183248.2,641280.4
220382.9,125275.1
183880.9,639523.4
184067.8,637582.9
183791.7,635671.3
182231.7,634459.4
181892.8,632762.4
181669.7,630810.5
180639.2,629173.3
180286.1,627268.2
179500.1,625504.7
178118.8,624085.2
220592.9,127206.9
177657.3,622182.8
178316.2,620356.8
177893.8,618561.6
178719.6,616781
179003.4,614808
178792.3,612856.4
177860.2,611097.1
176568,609575.9
175523.8,607902.4
175083,606495
221507.7,128965
175538.2,604565.7
174682.9,602839
172955.9,601863.7
171031.1,602188.5
169632.1,603565.1
169769.8,605468
167843.4,605783.8
165962.1,605298.8
164262.3,604275.1
162298.6,603979.3
223260.3,129754.8
160336.5,604186.2
158573,605114.5
157043.2,606333.8
156554.6,608245.8
156921.4,610178.1
156921.9,612077
157060.1,614032.2
157420.3,615950.8
157678,617902.9
158819.4,619519.5
149301.3,27457.2
135588.5,19777.6
225231,129552.9
160209.8,620910.6
161455.1,622399.1
163085.4,623221.9
163325.9,625190.2
163547.6,627164.7
163760,629126.2
163701.6,631107.5
164167.8,633035.1
164241.9,634949.5
163955.3,636914.8
227222.4,129509.8
164230.4,638862.3
165677,640177
166157.2,642052.9
166730.4,643948.2
167064.8,645894
167500.8,647789.8
167062.7,649688.7
168224.2,651237.3
169980.8,652184.2
171209.8,653735.1
229029.9,128719.9
172136.5,655491
171462.1,657162.8
171096,658980.7
169583,660258.8
168475.6,661892
168061.2,663833.2
168603,665739.4
168770.5,667683.8
169202.5,669496.7
168024.1,671085.8
230956,128378.6
167580,673011
167587.4,674977.4
166907.8,676816.1
166779.3,678749.7
166877.2,680705
167419.2,682582.3
168342.2,684317.4
169406.5,686000.1
170305.4,687750.6
171476.6,689345.8
232529.5,127164
172062.7,691236.6
173350,692752.3
174519.8,694345.2
175731.2,695925.5
174731.7,697155.3
173553.4,698680.4
173999.3,700585.1
173910.5,702361.2
173129.8,704165.3
172788.2,706135.9
233986.3,125844.2
172534.4,708119.2
172398.1,710111.3
172403.6,712111.1
172529.1,714105.3
172974.7,716052.2
173402.2,717973.5
174207.7,719804.1
174980.5,721648.7
175752.8,723493.6
176493.6,725351.3
235939.3,125845.7
177348.5,727148.2
178469.1,728804.8
179589.7,730461.3
180757.8,732084.6
181935.8,733700.8
183031.7,735372.1
184077.5,737076.8
185186.9,738739.3
186357.3,740361.1
187555.6,741962.2
237692,126597.2
188685.3,743605.4
189449,745441.9
189814.2,747408.1
190516.9,749204.5
191725.5,750776.9
190002.1,752470.1
188640.4,751014.5
187140.2,749808
185991,748184.8
184925.5,746517.1
238733.2,128287.5
183801.1,744906.9
182555.2,743359.9
180963.6,742168
179361.5,741009.6
177607.2,740100.3
175833.9,739230.5
174707.4,737800.5
176292.9,737018.5
177189.6,735271.3
177266.8,733278.6
239946.5,129860.2
176904.3,731317.2
176336,729404.6
175688.7,727520.5
174452.6,726006.6
173258.5,724412.1
171859.2,723029.8
170288.2,721806.7
168660.1,720708.4
166915.4,719741
165187.1,718745.3
134320.4,21248.3
241512.8,131061.7
163435,717863.5
161462.4,717985.6
159561.2,718587.4
157864,719567
155964.7,719010.2
154046,719069.2
152443.3,717892.3
150768.8,716809.9
148815.2,716557.7
147028.7,717269.9
242532.7,132616.4
145253.2,716724.4
143397.1,716154.1
141398.8,716233.8
139517.2,716590.4
137997.5,715613.4
136507.3,714327.8
134569.4,714543.9
132623.5,715006
130776.1,715714.9
129000.3,716582.6
242490.5,134469.5
127216.4,717483.2
125620.8,718686.9
124248.3,720141.6
123868.2,721963.5
124622.6,723811.4
125325,725681.1
126118.2,727511
127863.5,728174.9
129826.4,727791.9
131772.9,727332.5
242302.5,136361.6
133748.9,727153.3
135636.9,726530.4
137547.2,726620.7
138101.7,727857.3
138476.3,729802.9
139551.9,731464.9
141138.7,732660.4
142415.6,734014.9
143042.2,735881.6
141219.7,736069.2
241146.9,137943.4
139257,736451.3
137340.3,736977.5
135603.7,737753.7
133878.4,738717.7
133065.6,740484.6
133247,742420.6
134728.5,743725.9
133188.9,744456.8
131660.1,745696.8
131339.5,747620.7
240250.5,139591.6
131874.1,749519.2
132690,751314
132800.9,753246.4
132962.6,755212.3
134495.5,756370.8
136431.7,756363
138195.9,757083.9
139826.8,758241.6
141516.5,759292.7
143438.5,759844.7
240089.7,141504
144534.7,760830.6
142618.8,761336.3
141084.5,762592.2
139930.6,764201.2
139354.6,766085.8
139614,768052.2
140887.8,769490.1
142025.5,771000.8
143428.1,772352.8
145366.9,772672.4
241419.2,142948.1
147280.2,773188.2
149239.3,773316.7
151130.7,772829.1
153040.1,773076.9
154845.8,773648.2
156335.8,774301
158175.4,774860.5
159889.1,773949
160988,774027.6
161298,775990
243364.2,142961.1
162438.4,777594.6
163441.1,779285.9
163066,780562.8
161205.9,781226.9
159684.2,782475.7
159089.2,784349.7
242667.1,144347.1
159807.9,786144.3
161404,787252.5
162486.9,788916.4
163309.6,790727.9
163957.4,792598.9
164416.5,794428.2
164890.5,796348.4
165695.9,798122.5
167162.6,799437
169084.8,799912.4
133099.1,22764.2
242468.9,146259.9
168203.1,801679.2
167902,803621.1
168782.3,805387.4
170095.9,806883.7
171720.3,808022.6
172690.2,809575.1
173975.4,811031.8
175752.7,811410.1
174923.7,813206.6
175727.1,814884.3
243905,147562.3
176913.5,816494.4
178276.9,817953.9
179289.2,819650
179032.3,821600.6
179974.2,823290.9
180275.3,824990.6
178462.2,825709.3
176579.8,826370
174829.2,827333.1
173487.7,828678.4
245489.2,148661.7
173715.9,830639.2
174715.2,832356.9
172940.8,832774.8
171303.9,833668
170157.3,835306.2
169174,837044.6
168497.5,838904
168820.6,840857.4
168634.8,842848.7
247456.6,148846.3
167587.9,844202.9
166678.6,845955
166334.3,847870.2
166120.8,849819.2
166416.6,851751.3
166825.1,853669
167441,855549.3
167656.9,857532.7
168042,859471.6
168809.3,861273.8
249388.7,149243.7
170196.1,862615.3
170221.2,864615.1
170246.2,866615
170384.2,868603.4
171009.7,870481.8
171978.8,872222.8
172566.2,874084.4
173869.2,875519.2
173899,877039.8
172226.2,877807.3
251228,149900.2
171305.8,879533.9
171574.1,881473.8
172039.6,883395.3
171965.8,885348
171684.1,887303.9
171666.9,889282.4
171811.9,891202.5
172419.4,893073.6
174124.4,894047.3
175984.9,894355.3
253070.8,150285.7
177914.5,894437.2
179799.7,894870.7
181366,895054.8
182164.8,896828.4
183039.7,898608.8
184441,899998.7
186320.4,900578.4
188175.2,899935.5
190049.1,899419.2
191397.1,897973.2
254983.7,150604.8
191648.1,896030.2
191735.3,894094.5
193105,894224.7
194469.9,895664.5
195682.1,897223.9
196549.5,898816.3
197677.1,900381.6
199553.7,900866
201478.5,901251.8
203073.5,900138
256867,150045.7
203908.1,898398.6
205682.1,898066.1
207523.7,898662.9
207350.8,899822.8
205949.4,901102
204017.3,901540.7
202405.3,902662.2
201130,904202.1
199773.6,905549
197776.5,905519.2
258686.2,150509.2
195942.6,906196.5
194904.4,907878.6
194260.9,909767.7
194243.8,911746.8
194538.4,913417.9
194237.9,915366.2
194858.8,917251.9
195870.9,918944.7
197493.5,920005.4
199421.5,919706.2
132260.9,24556.4
260667.3,150518
200965.1,918450
202381.2,917097.3
204189.7,916682.9
204090.5,917566.3
203541.1,919450.4
203845.8,921346
203341.4,923177.4
202544.3,924905
201607.4,926655.6
200717.7,928378
262633.9,150636.2
200082.7,930215.2
198489.3,931363.5
198314.1,933290.2
198996.5,935145.9
200287.5,936654.6
202020.5,937573.9
203769,936784.3
205182.5,935660.7
206433.7,934266.8
208092.6,935300.2
264329,151550.8
209785.1,936089
211766.8,936076
213431.9,936089.7
214371.8,936875.5
213628.2,938711.9
212752.3,940354.7
212532.3,942279.5
211885.2,944146.1
212217.4,946045.4
212040.3,947914.1
266254.6,151793.2
213105.4,949511.6
214048.1,951198
215099.7,952860.6
216446,954100.2
217584.6,955685.7
217872.9,956859.2
216517.8,958224.7
215903.5,960087.5
216491.6,961958
216790.1,963922
268187.3,151437
217836.3,965589.9
219249.8,966964
221144.2,967388.2
221861,969212.3
222567.7,971005.7
223018.8,972919.8
223258.7,974861.8
224419,976457.2
226297.1,976945.4
228046.4,976041.8
270075.5,152038.5
229825.1,975763.6
231754,975300.8
233712.3,975186.6
235202.8,973911.3
237046.5,973410.7
238943.7,973969.3
240717.7,973229.4
241487.8,971457.6
242693.4,969958.8
244266.5,968835.2
272055.9,152141.2
245726.3,967852.2
247179.7,968520.1
248418.3,970066.7
250256.5,970757.5
252174.9,970677.2
254131.5,970406.8
255934.8,969586
257481.4,968446.8
259224.8,967529.1
261034.6,966690.5
273661.7,152455.3
263028.5,966616.1
265009.8,966373.6
266948.3,965884.3
268781.4,965138.1
270098.6,966318.3
271983.7,966839.1
273508.4,967335.4
275220.9,968239
277164.2,968493.4
278916.8,967716.7
275475.5,153218.2
279606.1,969564.3
281112.2,970772.8
282712.8,971841.9
284506.7,971162.8
285032.9,969281
286321.8,968645.1
288295.1,968526.2
290061.2,967937.1
291978,967539.8
293926.1,967902.4
277228.8,152403.7
295811,968447
297657.6,968986.1
298997.2,970442
300671.9,971522.5
302073,972882.9
303851.3,973772.6
305697.7,973249.7
307532.1,973185.2
309445.3,973630.7
311431.4,973567.3
132471.2,26489.6
279109.5,151991
312872.9,972298.5
314447.5,972129.4
316396.2,972036.6
316060.5,973901.4
316523.6,975838
317611.2,977484.4
319304,978514.9
321223.2,978558.4
322850.7,977487.2
324044.7,976085.4
281007.8,151454.6
325914.8,976609.7
327891.5,976745.8
329788.1,976954.9
331676.3,977301.9
333158.3,976014.1
334745.6,975335.2
336677.9,975715.8
338579.7,975746.5
340554.2,975546
342214.1,974500.1
282905.6,150918.8
342544.8,972586
341724.1,970816
341763.3,968838.7
341019.7,966999.3
340203.5,965299.6
339706.3,963390.7
338613.4,961777.7
337285.2,960303.3
336127.4,958779
336235.6,956806
284873.5,150602.8
337919.1,957040.5
339835,956760.3
340888.3,955128.9
340660.1,953162
340571.4,951204.3
339661.6,949443.7
338774.9,947730
338280.2,945810
337522.9,943988.2
337020.3,942065.4
286836.8,150283.9
335738,940558.7
334198,939321.9
332866.5,937851
331702.8,936252.9
330431,934721.8
328695.6,933755.9
326826.5,933088
325062.3,932406.4
323231.8,931651.2
321333,931051
288487.2,150563.2
319839,929811.1
318684.6,928200.9
317434.7,926751.7
316162.4,925231.2
315366.4,923444.6
314150.9,921901.3
313080.6,920232.9
311497.9,919043.2
309948.1,917852
308454.2,916547.5
290269.2,151315
306768.2,915504.5
305359.1,914127.2
303649.6,913166.1
302223.9,911799.6
300756.3,910460.7
299203.2,909353.4
297601.1,908238.5
295730.2,907817.8
294546.2,906330.2
293515.7,904839.1
292256,151398.2
292960.2,902962.3
291546.5,901628.8
290063.2,900383.6
288260.4,899616.8
286384.1,899054
284654.1,898106.6
283891.4,896407.3
283589.2,894495.1
283947.4,892533.7
283394.5,890687.4
294165,150875.4
282698.5,888933.2
284283.9,887780.1
286049.7,886887.7
287575.5,885637.3
289115,885435.4
290302.2,886917.4
291239.2,888639.4
293015.7,889517.4
294990.7,889776
296639.6,888782.1
296033.3,150214.4
296743.9,886867.8
296131,884992.9
295177.4,883243.4
293983.2,881654.4
292854.1,880010.7
291714.3,878391.3
290534.9,876786
289100,875421.9
287939.5,873864.6
287038.1,872095.1
133719.6,28020.1
297798.5,149337.3
286060.8,870370
284833.3,868797.4
283658.6,867190.2
282692.4,865444.4
281480.7,863868.7
279810.2,862785.1
280789.3,860003.1
282557.2,859816.5
284328.4,858921.5
286287.1,858805.3
299506.4,148430.8
288224.3,859231.5
289530.2,860613.6
290945.9,862003.9
292752,862798.3
294420.5,863796.1
295778.4,865203.6
297544.2,866094.6
299480.7,866553.9
301453.4,866872.4
303450.5,866898.1
301144.2,147333.7
305434,866686.5
307420.3,866577.5
309051.8,867511
308773.4,869402.4
309912.1,870969.9
311853.4,871100.8
313651.5,871802.7
315560.9,872318.7
317472.4,872697.1
319384.7,873243.4
302345.8,145787.1
321370.3,873215.9
323265.6,873289.5
325153.8,872746.6
326320.4,871217.9
328041,870204.1
329863.9,869388.7
331665.5,868525.5
333523.8,867787.1
335462,867328.9
337359.6,866703.3
304215.4,145839.2
339199.2,866475.8
340905.2,867484.2
342716.1,868282.7
344123,869615
345973.7,870329.2
347929.3,870617.1
349905.2,870614.9
351494.2,869674.2
353418.4,870103.2
355195.7,869380.5
306170.1,145499.9
356996.4,869090
358876.1,868710.5
360707.1,868938.7
362571.8,868255.3
364446.5,867960
366408.8,867913.3
367944.3,866706.7
369822.7,866834.2
371800.3,866970.8
373740,866818.5
308137.9,145426.8
375662,866717.4
377499.3,866884.1
379163.8,867688
380786.9,868827.4
382701.9,869257.4
384418.9,868404.7
386189.4,867713.8
388147.6,867402.8
389792.7,867954.7
391290.8,869178.9
310092.4,145381.1
393105.6,869919.8
395048.5,869886.3
397002.8,869530.4
398830.6,869620.9
400775.2,869425.3
402042.8,867921.2
403541.2,867678.6
405357.5,866920.7
406680.2,865503.2
407732.5,863851.5
311925,145931.1
408528.5,862037.9
409977.2,860727.5
411720,859766.2
412598.3,858004.4
412260.3,856063.6
412473.1,854103.4
413573.4,852474.2
413777.6,850507.5
414000,848718.5
415490.4,847419.2
313835.3,146391.5
415657.3,845505.8
415004.4,843724.5
415154.2,841794.1
414513.8,839928
413460.8,838271.5
412675.2,836479
411614.4,834816.8
410405.9,833415.4
409661.9,831624.2
408290.6,830188.1
133534.5,29965.5
315583.4,147299.3
406915.4,828813.3
405713.8,827230.2
404480.9,825682.1
403051.8,824349
402199.9,822569.5
401234.1,820822.7
400483.8,818977.1
399683.4,817146.5
399009.4,815270.4
398412.5,813362.8
317547.8,147436.4
397881.5,811435.6
397412.7,809493.5
397509.2,807618.9
399000.5,806349.6
399056.3,804401.6
398542.1,802486.2
397721.7,800676.4
396906.1,798881.1
396307.6,797008.2
395304.5,795311.4
319307,148153.1
394298.5,793618.9
393059.6,792076.1
392144.6,790372.5
391333.6,788572
390945.1,786701.8
390295.4,785108.4
390138.3,783163
390048,781181.7
389953.3,779211.2
389099.7,777424.3
321286.6,148398.6
388596.2,775531.3
387665.8,773773.1
386380.3,772270.5
385140.3,770763.1
384040.8,769176.3
383011.6,767493.2
381771.9,765936.4
380121.7,764852.8
378750.1,763475.1
377014.1,762653.1
323214.4,148031.4
375833.9,761366.1
375087.2,759522.8
375160.1,757637.1
375119.2,755704.6
374533.1,753847.3
373175.8,752434.5
371564.3,751395.6
371739.4,750132.3
372604.6,748385.8
372144.2,746496.2
325054.5,147305.5
371145.7,744780.4
369931.2,743244.7
369018.9,741464.8
367923,739811.7
366073.6,739170
364362.1,738179.9
363049,736841.6
361700.5,735401.6
360191.9,734121.5
358547.1,732996.8
326640.6,148431.3
357627.7,731404.4
357091.1,729490
355576.6,728284.6
353616.7,728466.9
352517.8,726971.3
352273,724986.9
352035.2,723023.8
351385.3,721142.4
351699.6,719205
353101.7,717890.8
328283.9,149339.4
354921.3,717330.6
356809.9,717046.9
358717.3,716598.9
360443.2,715615.6
361459.4,713959
362901.6,712626.8
364626.5,711731.9
365745.2,710128.1
365239.1,708248.1
364024.9,706668.9
327304.6,151067.5
362420.2,705539
361032.2,704115.2
359502.6,702915.3
357995.4,701657.8
356253.4,700760.8
354396.2,700098
352575.3,699308.3
351230.4,697903.9
349378.2,697297.2
347423.9,697316.1
327040,153038.3
345530.3,697852.1
343892.8,698961.7
342845.4,700464.5
340947.1,700183.9
339790.1,698599.7
338435.7,697156.8
336921,695885.8
335267,694974.9
334130.1,693345.1
332458,692326
133031.3,31859.5
327350.5,155010.4
331177.9,690821.5
329862.6,689620.5
329735.4,687651.2
328918.1,685849.9
327770.7,684307
325825.9,684112.6
324080.2,683289.3
322153.4,683277.7
322753.4,679459.1
324710.2,679461
327667.1,156981.2
326499.3,680192.8
328250.7,679412
329667.6,678033
331010.9,676582.4
332474.7,675248.7
334233.7,675756.1
336207.1,675857.6
337818.1,676810.3
339551.6,677741.3
341494.2,677936.1
326327.3,158321.2
342582.8,679264.4
342888.8,681179.4
344160.3,682517.4
344721.2,684374.6
346493.4,685175.6
347687.4,686739.2
349311.7,687788.1
351271,688089
353169.2,687556.2
355142.2,687524.8
326160.4,160240
357067.9,687503.8
359021.8,687296.8
360867.1,686691.3
362626.4,685815.6
363685.3,684161.8
365016,682872.4
365895.9,681256
367864.4,681489.2
369641.9,680696.5
371399.4,680008.8
327617.7,161486.4
373113.7,679128.9
374410.2,677693.8
376169.6,676788.5
377144.7,675082.5
378710.2,673980.3
380391.7,672942.2
382307.6,672709.4
384058.1,672607.6
385981,673038.7
387876.5,672472
328824.5,161914.1
389535.1,671395.3
391432.9,671542.6
393099.9,670516.1
393996.9,668757.3
394374.7,667017.3
396250.1,666382
397420.2,664780.4
397706.9,662820.8
398420.4,661023.4
399262.5,659239.7
329370.2,163758.3
400312.8,657551.8
401630,656082.6
402427.6,654273.6
402641.9,652310
403900.2,650774.2
405114.8,649212.6
406609.8,647913.5
408449.8,647136.1
410247.8,646260.9
412066,645434.6
330026.9,165036.2
413847.5,644542.1
415071.1,643016.2
415407.4,641058
415890.6,639133.4
417366.1,637957.6
419170.7,637208.3
420909.6,636237.3
422205.3,634727.9
423790.2,633697.1
424796.6,632001.4
330129.4,166950.6
425409.8,630229.2
426103.9,628438.9
426082.4,626752.7
426568.8,624893.2
427364,623453.1
427877.2,621605.6
427951.7,619632.7
428100.1,617668.6
428483.1,615811.4
428413.5,613845
331768.3,168008.1
428280.4,611890.5
427203.6,610266.5
427121.6,608402.9
428075.9,606714.8
429408.7,605250.1
430552.1,603650.8
430538.4,601660.9
429649.1,599911.5
429242.8,598044.2
429871.4,596156.4
133724.8,33707.1
333638.6,168659.4
431135.5,594650.1
432157.3,592965.3
432551.1,591142.2
433671.3,589570.9
433902.8,587622.2
432837.9,586005
432630.1,584237.8
433690.9,582543.3
434367.9,580683.9
434378.1,578813.1
335588.2,168778
435801.6,577494.7
436879.5,575843.7
437037.2,573896.6
438366.1,572457.6
439047.3,570640.1
439471.5,568712.7
440732.8,567391.8
441987.5,565912.6
443103.7,564288.3
443398.2,562330
336694.7,170202.8
442785.7,560480.1
443040.8,558603.3
443665.5,556755.5
443336.5,554948.1
443845,553059.6
444503.4,551258.8
445476.2,549596.5
445974.7,547686.3
446298.3,545755.2
446507.9,543785.1
337564.4,171982.8
447233.4,541961.1
448600.3,540526.3
449659.8,538847.8
451078.7,537457.3
452824.0152,536503.4644
454528.1,535493.7
455317.1,533722.8
454396.4,532010.6
454867.6,530364.7
456739.7,530012.5
338818.8,173496.1
457849.4,528418.7
459526.2,527459.4
461441.7,527055.6
463044.4,525919.9
464606.9,524719.9
466406.3,523858.6
468267.4,524043.6
470236.4,523743.1
471818.6,522591.7
473649.8,522212.9
340125.7,174977.1
475607,521969.7
477345.6,521004.7
479272.5,520882.8
481033.2,520017.1
482345.3,518565.7
484115.5,518060.4
485685,516882.3
487231.6,515714.8
488260.7,514075.8
490175.7,513596.4
341612.9,176261.9
492128.7,513185.4
493815.5,512149.8
495116.6,510672.1
496419.3,509250
497771,507789.9
498041.6,505851.3
498290.2,504433
499968.2,503428.8
501319.5,501991.8
502224.4,500212.8
342913.2,177772.8
503030.3,498406.3
503899.9,496637.6
504857.3,494892.7
505136.5,492948.2
505999.6,491263.2
507253.7,489773.2
507213.2,487911
508385.7,486320.2
510154.6,485525.3
511711.9,484328.1
344642,178705.8
513524.8,483529.5
515234.8,482566.2
515519.5,480669
514359.5,479260.4
515658.5,477769
517419.1,476921.5
519370.7,476488.7
521182.2,475665
522895.9,474660
524769.6,474044.3
346272.7,179800.6
526453.1,472999
527699.7,471465.2
527663.5,469516.4
526319.9,468083.9
524559.6,467175.9
522574.6,467039.6
520878.7,466262.3
519704.3,464705.1
519169.5,462793.3
519031.8,460800.8
134726.3,35376.9
348247.8,181063.6
519233.3,458815.8
519716.1,456891.5
520403.3,455019.7
521006,453116.1
521800.3,451286
522454.5,449399.1
523224.6,447560.6
524117.4,445784.3
525099.5,444047.2
526280.7,442441.3
346260.3,183969.5
527400.9,440789.9
528525.7,439138
529722,437540.4
530832.4,435877
532029.7,434275.7
533311.9,432741.7
534481.8,431129.1
535729.9,429567.3
536875.1,427929.5
538137.5,426380.6
344681.4,182774.4
539329.3,424779.2
540564.8,423209.3
541739.1,421590.8
542619.8,419795.7
543269,417916.2
543875,416021.3
544066.5,414039.8
543184.6,412255.9
542002,410648.1
540173.3,409932.4
342907.1,181881.1
538386,410499.8
539220,412207.2
540153.5,413799.1
538664.8,415119.7
536948.6,416131.6
535023.4,416652.6
533122,416256.1
531255.4,415569.5
529504.3,414635.5
527598.3,414864.1
341050.3,181192.4
525820.4,415780
524203,416943.5
522594.4,418126.2
520956.4,419264.3
520440.7,417625.9
522100.2,416512.2
523835.8,415518.5
525577.8,414537.2
527374.2,413658.1
529295.6,413162.3
339168.5,180568.6
530760.7,411817.8
532168.2,410436.2
533386.4,408865.7
534709.3,407369.2
536195.1,406166.6
538035.7,405537.2
539668.9,405026
541551.2,404432.9
543150.6,403258.2
544641,401997.6
337301.8,179913.3
545707.9,400333.6
546635.1,398617.2
547577.1,396938.3
548436.3,395172
549131.7,393360.8
549654.9,391469.7
550580.7,389700
551701.6,388054.9
552597,386272.5
553476.5,384482.3
335408.6,180388.7
554193.2,382616.9
555131.9,380860.1
556136.6,379132.2
556886.6,377280.2
557595.5,375413.6
558195.5,373514.4
558544.7,371563.9
559223.3,369685
559442.8,367724.1
559290.1,365730.3
333410.7,180373.4
559136.8,363736.3
559138.5,361744.8
558731.1,359805.2
558696.4,357823.9
557652.7,356181
555898.7,355380
554305.1,354427.5
553047.3,352892.5
551765.9,351428.6
550244.4,350157.7
331707.5,180331.9
548673.7,348941.2
547260,347575.4
545951.5,346107
544768,344509.7
543609.4,342896.2
542677.7,341146.6
541660.7,339466.3
540993.4,337618.3
541425.7,336777
543347.9,336316.8
148899.2,25552
136089.5,36814.3
330042.2,179231.7
545242.3,335714.4
546954.9,334763.5
548324.1,333384.8
549270,331729.6
550094.9,329971.9
551455.3,328739.2
553356.2,328639.6
555335.7,328756.2
557280.5,328632.8
558793.5,328189.3
328287.6,178310.7
559977.2,329793
561503.5,331008.3
562553.7,332413.3
562892.2,334369.7
563695.2,336197.8
564346.8,338074.8
564742.1,340031.8
565308.8,341948.2
566302.4,343662.3
567740.9,345039.8
326510.7,177399.3
569170.3,346426
571076.7,347004.5
573046.3,347207
575001.3,346999.5
576960.7,347115.7
578912.9,347506
580875.7,347636.3
582861,347624.1
584796.1,347818
586777.8,347944.2
324849.5,176289.3
588769.5,347837.9
590728.4,348188.1
592662.8,348307.9
594649.8,348104.6
596620.7,347772.9
598597.5,347490.8
600595.9,347441.8
602591,347550.2
604586.3,347539.9
606504,346984.8
323484.6,175069.4
608427,346435.5
610369.3,345958.7
612345.2,345700
614340.8,345594
616340.5,345557.9
618328.4,345341.7
620287.5,344947.1
622210,344431.5
624025.4,343614.9
625857,342819.3
322593.3,173305.2
627495.5,341684.1
629233.3,340696.8
630939.4,339656.9
632579.7,338519.8
634001.8,337123.6
635501.1,335802.5
637109.3,334621.4
638758.4,333494.5
640273.3,332193.8
641870,331004.2
321276.8,171819.9
643436,329769.4
644990,328532.4
646445.4,327162
647916.3,325810.9
649216.1,324292.2
650469.6,322743
651574.2,321080.8
652291.3,319242.5
652940.4,317356.7
653752,315533.2
320611.5,169949.2
654396.8,313642.9
655071.9,311765.1
655490,309815.9
655337.4,307848.3
655216.5,305855.5
655395.8,303868.5
655155.7,301963.4
655619.7,300023.1
656307.1,298146.9
656948.1,296256.9
320677.3,167957.4
657441.2,294319.1
657329.4,292345.5
656206.8,290746
655712.3,288824.7
655530,286840.5
655839.2,284886.3
655345.1,282961
654614.1,281104.1
653870.8,279251.5
653398.1,277332.4
319727.1,166278.3
652989.2,275394.1
652253.6,273558.7
650821.4,272215.1
650034.1,270385.8
649880,268398.3
649894.7,266398.5
649703.5,264414.2
649674.7,262425.1
649752.6,260427.6
649165.5,258527.2
137674.8,37960.4
317937.6,165452.4
648695.8,256586.6
648345.8,254618.6
647997.5,252649.5
647794,250670
647409.4,248715.9
646197.3,247184.2
644450.8,246211.3
642703.3,245241.6
640935.5,244307.1
639520.4,242968.4
315954.5,165415.5
638351.3,241354.5
637692.2,239470.8
636653.7,237785.3
635166.9,236449.9
633917.7,234935.6
632778,233311.2
631174,232213.3
630184.8,230476.4
628683.1,229274
626851.6,229509.4
314111,165083.7
625986.1,227749.6
627397.1,226553.6
628603.5,225017.6
628585.2,223031.5
627648.5,221279.6
626512.8,219633.5
625338.8,218015.3
624034.3,216503.7
622504.7,215221.1
620818.4,214147.6
312392.1,164096.5
619128,213082.6
617526.4,211884.8
615696.4,211103.9
613740,210733.5
611772.7,210408.9
609957.2,209740.9
608341.1,208562.8
606724.9,207384.6
605553.2,205907.5
605635.9,203989.7
310443.9,163907.5
605920.6,202035.3
605597.4,200084.6
605281.7,198185.6
606738.2,196819.7
607018.8,194905.5
606057.8,193166.9
604890.3,191548.1
603548.6,190078.4
602091.6,188718.7
600586.6,187422.4
308572.3,164177.8
599037,186172.6
597436.8,184994.6
595883.7,183752.5
594466.7,182356.9
592538.4,182007.1
590680.8,182724.7
588712,182883.4
587765.9,179401.1
589695.9,178947.7
591285.3,177733.6
306724.2,163474.1
593107.4,176994.6
595038.9,176618.5
596729.9,175553
598694.6,175270.8
600678,175107.3
602586.7,174541.9
603963.1,173145.9
605441.6,171816.3
606836.9,170387.6
608497.6,169285.2
304768.8,163771.3
610426.6,169102.5
612408.7,169304
614300.8,169714.7
616160.8,170256.7
618141.9,170458.1
620129.2,170663
622050.6,171208.2
624022.1,171468
626017,171338.9
627897.4,171681.4
302788.2,163688.7
629828.6,172048.4
631673.6,172531.5
633634.1,172756.1
635417.2,173483
637384.6,173667.9
639333.2,173549.2
641037,172521.4
642079.5,170827.5
642173.2,168849.9
641877.3,166885.9
300891.7,164116.8
641202.3,165018.7
640198.7,163303.3
638578.6,162173.6
637362.9,161441.8
637850.7,159505.1
638587.6,157646.5
639279.1,155770.1
639810.1,153844.5
639926.1,151857.8
639993.6,149864.3
139634.3,38252.3
298997.2,164457.4
640096.8,147881.4
639856.9,145909.7
639111.1,144064.5
638063,142390.2
636524.7,141156.3
634924.1,140043.4
633550,138804
631791.2,137967.4
629933,137261.4
628087.3,136521.1
297077,164929.4
626191.7,136188.9
625072.5,134570.3
623367.2,133646.6
621433.3,133200.3
619463.2,132908.9
617536.7,132385.4
615705.9,131588.4
614139.7,130355.5
612718.6,128948.7
611483.9,127385.7
295188.5,165498.2
610804.7,125512
610449.3,123544
610496.4,121564.8
611073.8,119651.6
611714,117763
611371.7,115847.3
609781.3,114693.1
607794.2,114588.6
605804.7,114754.2
603828.4,115061.6
293240.6,165690.3
601864,115436.3
599897.5,115797.2
597927,116130.7
596052.2,116151.7
594228.4,115377.7
592671.9,114128.6
591281.8,112691.4
590021.2,111165.3
588645.4,109752
586821.5,108973.2
291312.7,166123.3
584967,108262.8
583203.4,107332.7
581248.9,107067.2
579278.6,106736.3
577415.5,106075.8
575570.9,105355.7
573632.3,104901.6
571662.1,104561.8
569791.6,103870.6
568013.4,102957
289782.5,167314.5
566686.7,101534.2
565857.3,99729.1
564224.8,98621.2
562953.5,97085.5
561745.3,95511.2
560607.2,93923.4
558741.5,93252
556753.3,93330.1
554828.7,93826.6
553146.3,94816
288779.3,169001.5
551287.6,95298
549327.3,95573.9
547601.2,96555.5
546018.4,97771.2
544125.3,98095.7
542174,98367
540261.5,98927.4
538378.9,99600.6
536451,100112.2
534602.8,100874.6
287858.4,170733.6
532656.3,101232.8
530794.1,101859.6
528830.2,102229.1
526844.1,102462.1
524854.7,102651.7
522884.9,102421.8
520916.4,102217.2
518994.5,101675.2
517136.7,100972.8
515243.3,100335.5
286507.4,172095.5
513276.9,99975.2
511301.1,99774.8
509329.9,99495
507332.3,99508.4
505340.6,99366.7
503351.7,99211.2
501421.8,98746.2
499515.2,98154.9
497562.6,97784.4
495641.1,97346.6
284957.4,173323.1
493728.2,96772.6
491806,96250.6
490070.8,95302
489169.7,93559.9
488126,91857.3
486779.7,90400.2
484844.6,90183
483218.3,91303.2
481812.9,92716.1
480283,93994.1
141102.3,39477.8
283592.5,174296.4
478551.3,94984.1
476710.2,95764.1
474760.7,95963.3
472810.1,96359.7
470854.1,96727.6
468878.3,96862.1
466961.9,96487.1
465020.4,96017
463052,96184.1
461065.3,96397.2
281641.1,174460.1
459331.4,97164.4
457614.8,97969.2
455991.4,99055.3
454778.9,100636.2
452934.3,101279.2
451317,102428.4
449974.5,102493.5
449073.1,100779.5
447836.1,99239.3
446656.7,97720.6
279821.5,175249.4
444710.5,97578.3
443350.8,96525.5
441569.4,95637.9
439634.1,95194.7
437710,94710.1
435786.3,94248.5
434168.8,93405.8
433604.9,91517.3
432508.7,89845.1
430639.3,89271.6
278634.2,176799.3
428643.3,89323.8
426742.7,89920.9
424856.1,90575.6
422902.9,90992.6
420921.6,91032.7
419787.5,89556.6
418305.8,88311.4
416380.6,88680.6
414424.8,89089.6
412433.4,89211.6
277457.2,178349.5
410457.5,88946.6
408530.5,88425.5
406904.5,87278.6
406253.9,85481.8
406604.3,84069.2
407488.8,82364.8
406779.9,80520.2
406054.9,78929.7
405663.3,77023
404547.5,75457.8
276752,180148.1
402680.5,74907.7
400687.7,74789.4
398925.6,74288.6
397146.7,73450.2
395223.5,73625.5
394014.3,75167.1
392222.9,75737.5
390361.3,76453.8
388540.2,77177.6
386639.3,77510.2
276048.1,182016.5
384853.9,77830.1
382870.8,77678.1
380910.7,78052.3
378981.4,78449.7
377039.6,78662.3
375206.1,79341.7
373244.3,79581
371385,79614.5
370557.8,78803.2
371037.5,76861.9
275560.1,183937.7
371671.1,74965.9
372415.2,73114.2
372306.9,71166.9
371123.1,69604.3
370125.3,67893.2
368561.6,66657.3
366643.9,66613.1
365442.5,68146.5
365626.2,70108.8
365695.8,72082.1
274400.3,185437.5
365350.8,73766.5
363956.5,75200.2
362512,76583.2
361025.6,77921.1
359513.3,79227.9
357963.2,80490.1
356374.5,81704.8
354762.3,82887.9
353076.3,83956.5
351385.3,85021.7
273542.4,187152
349673.6,86055.8
347926,87026.5
346190.2,88013.5
344404.6,88897.5
342470.4,89194
340631.8,89794.2
338740.3,90377.5
336809.8,90895.5
335285.5,90137.8
333540.9,89236.9
142574,40771.4
272396.9,188716
331752.6,88392.4
329945.2,87634.7
328004.4,87213.1
326060.5,87583.9
324493.7,87170.5
323010.6,85955.2
321032.6,86072.4
319053.6,85917.5
317069.4,85894.3
315120.4,85656.8
270982.3,190128.7
313197,85241.6
311586.1,84223.6
310781.8,82425.3
309645,80802.1
307953.6,79866.2
306022.8,79472.7
305066.6,77821
303143.8,77578.7
301182.8,77695.7
299751.7,77049.4
269298.7,190387.3
298358,75647.3
297703.3,73835.9
296365.2,72392.5
295603,70547.8
294969.5,68664.8
294929.6,66804.6
296198,65303.5
296976,63538.5
296048.4,61825.1
294198.2,61150.7
267413.8,189764
292316.5,60712.8
291741,59469.6
293336.9,58796
295307.3,58561.9
296694.5,57237.9
296425.7,55326.9
295515.4,53621.9
294278.6,52144.5
294045.8,50213.2
292784.9,48706.4
265498.1,190146.8
291158.5,47638.5
289424.1,46934.6
287629.4,46157.3
285977.3,45189.5
284963.6,43503.3
284394.9,41595
284000,39645.8
284975.6,38119.8
284941.1,36191.8
283373.6,35084.4
263698.1,189440.3
281465.9,34756.6
279903.4,34066.9
278149.5,33150.4
276225.7,33146.4
274787.6,34504.4
273428.3,34080.8
271478.7,34135.7
269600.4,34721
268105.5,36026.9
266402.6,37013.8
265002,188202.7
265013.7,38421.1
264777.8,40330.5
264579.1,41927
263238.4,43346.8
261451.9,43921.4
259727.6,44801.7
257864.6,44712.1
256130,43828.1
254158.9,43863.3
252340.6,44657.7
265016.3,186281.4
250683.7,45702
249096.4,46520.4
248117.2,47958.8
247787,49703.9
247786,51649.2
246250.8,52713.6
246169,50707.6
245808.5,48792.5
245386.7,46958.1
243456.5,46707.5
263590.2,184926.5
241496.1,46520.8
239988.1,47709.7
239404.5,49511.5
237847.7,50737.2
236103.4,51652.8
234152.5,51735.3
232178.7,51803.6
230235.6,52229.9
228273,52359
226958.3,51207
261617.2,184765.3
225434,49953.9
223663,49210.8
221750.5,49004.3
219843.2,48468.5
217858.2,48503.3
216109.1,48573.5
214160.5,48463.6
212167.9,48555
210551.2,47546.5
208626.8,47772.4
144374.7,41474.4
259659.6,184821.9
207316.7,49257.2
205949,48551.8
205564.9,46669.3
204019.1,45672.5
204599.5,43981.1
204431.8,42035.3
203440.5,40390.4
202315.2,38811.6
201009.4,37381.2
199063.5,37345.4
257913.8,184363.2
197622,38621.2
195989,38447.2
194541.6,37107
193185.9,35653.4
191374.1,34921.5
189830.1,34942.2
189555.1,32980.7
188653.4,31230
187091.7,30093.8
185429,29041.5
255978,184386.1
183494.9,29352.1
181734.7,29059.4
181562.3,27260.9
181917.4,25530.9
182449.5,23675.1
183091.6,21799.2
182524.6,19954.1
181578.6,18202.6
180459.6,16776.1
179455,15069.9
254164.5,185146.7
177743.2,14174.1
175836.4,14469
174406,13769.4
173688.8,12034.3
172758,10313.7
170922,9553.8
168941.9,9673.9
167514.7,10954.4
166014.9,12010.5
165110.5,13748.2
253181.3,184538.7
164133.5,15457.7
163979.6,17421.1
164178.6,19219.9
163117.4,20846.9
162782.5,22651.9
161288.6,23924.4
159547.1,24390.1
157826.2,25273.1
156080.1,25820.3
154126.3,25720.3
251985.3,183016.6
152897.9,27192.8
151438.4,28471
149693.4,29185.9
250060.1,182758.7
248487.9,182733.6
246625.4,182277.4
244743.9,182921
146046.1,42467.4
243016.6,183880.1
241373.8,184993.3
239469.4,185459.2
238249.6,186951.8
238760.4,188805.8
239163.2,190361.6
238406,192205
238975.3,194043.1
240687.1,195044.2
242414.8,195882.3
147916.9,43047.2
241658.4,197023.9
239787.5,197676.3
238122.5,198770.1
236855.1,200310.2
235645.6,201899.9
234536.2,203560.6
233567.6,205206.3
231767.6,205072.5
229801.2,204796.6
227813,204970.3
149860,43304.8
225859.2,205394.5
223920.5,205670.9
222035.1,205081.5
220081.4,205464.1
218148,205162.8
216239,204696.1
216823.7,202893.6
215819.8,201206.3
215492.4,199320.1
214538.5,197753.8
151808.6,43286
213270.7,196311.7
211292.9,196261.5
209551.4,195483.2
207833.5,194610.5
205915.3,195043.5
204045.2,195664.6
202288.6,195163.9
201568,193549.5
200234.8,192171.6
198782.8,191005.8
148184.4,23703.1
153616.7,42580.2
196886.9,190665
194945.5,191014.3
193284.7,192038.5
191402,192263.3
189653.2,193167.4
187753.7,193740.8
186356.5,195096.9
186279.4,197057.2
186405.1,198760.8
184500.4,199337.1
154302.8,40760.6
182859.5,200437.8
181766.1,200913.3
179825.4,200829.4
178424.5,202199.5
177812.3,204058.3
176672.2,205498.2
174969.6,206504.5
173606.5,207923.1
173597.1,209883.1
174975.5,211228.5
155762.9,41943.6
176950.8,211196.4
178003.9,212775.8
179746.8,213609.2
181403,214708.5
183381.2,214838.3
184019,216248.2
183556.5,218139.8
183449.7,220089
181907.9,220800.9
180004.9,221208.4
156049.2,43839.4
178191.3,221800.9
176329.2,221891.6
174432.8,221540.8
172515,221114.4
170524.2,221187
169107.3,222441.7
168886.4,224388
169770.1,226154.1
169993.1,228037.4
171017.9,229706.5
157335.1,45273.4
172727.9,230722.3
174651.6,230920.4
176243,232059.7
177936.1,233015.8
179301.3,234450.3
181219.9,234796.3
182887.2,235554.3
184749.5,236144
185552.3,237127.7
186093.2,238950.5
159276.2,45689.9
186267.1,240863
187539.9,242376
189162.8,243455.3
191083.7,243241.1
192967.4,242682.2
194921.3,242716.7
196607.5,241760.9
197682.3,240467.8
198616.7,242120.4
200160.9,243294.8
161169.5,45258.7
202093.2,242987.1
203318.3,243078.8
204554.6,244610.5
206392.8,245378.9
208130.4,246055.4
209459.5,247508.5
209944,249407.6
211198.6,250903.8
212788.3,251994.8
214422.5,252205.6
162553.7,46366.5
216033.3,253268.2
217930.8,253698
219851.4,254115.2
221827.5,254297.1
223682.2,254458.3
225631.1,254369.8
227334.1,253595.1
228666.8,255027.9
229787.2,256602.2
231541.3,257383.7
164204.9,47458.5
233161.9,258216.3
234592.2,259586.3
235844.1,261134.9
237409.9,262318.5
239349.7,262370.6
241109.6,262192
242740.6,263328.9
244250.4,264608.5
246015,265458.4
247705.1,266404.3
165809.7,48583.6
248971.8,267897.6
249919.5,269619.2
251180.6,271077.3
252460.4,272561.3
253366.6,274320.3
253934.6,276225.3
254619.5,278094.6
255546.3,279863.3
255622,281779.9
256250.8,283641.5
146880.2,22220.8
167466.6,49570.2
256824.4,285532.7
257427.7,287437.2
258228.6,289255.7
258700.2,291069.5
258472.2,293047.3
258133.3,294879.9
257213.7,296633.1
256468.2,298479.6
255637.8,300291.7
254528.2,301940.2
167866.1,51499.6
254150.7,303865.4
254539.6,305805.9
255174.3,307691.2
256015.4,309488.7
257015.1,311205.8
258575.5,312430.3
258922.2,314176
258556.2,315996.5
257724.8,317798.6
256681.6,319491.2
168739.4,53209
255522.6,321114.7
254372.8,322742.2
253344.6,324455.3
253046.8,326416.3
254011.7,328113.1
255070.9,329695.3
254742.1,331497.9
253928.8,333314.8
252927.5,334695.8
251175.4,335636.3
170576.7,53951
249264.3,335490.5
247346,335072.5
245614.2,334905.5
244416.5,333394.5
242463.3,333374.6
240640.5,333466.4
239151,332229.6
237175.6,331942.3
235742.3,330850.3
235039.9,329042.4
172032.4,54892.3
233922.1,327836.3
234670.3,326005.6
234292,324057.9
232982.4,322602.5
231313.5,321738.2
229494.3,320963.4
227737.5,321737.4
226633.3,323382.3
226324.3,325202.8
224838.6,325680.4
173684.2,55966.4
223362.3,324373.4
221559.6,323654.9
219796.2,323355.2
217872.6,323311.5
216527.3,322062.2
214585.4,322155.6
212861,323107.2
211568.1,324615.5
211521.3,326565.4
212566.5,328167.5
173723.9,57778
213572.8,329838.6
214460,331549.8
215101.6,333388.5
216863.4,334205.5
217986.2,335803.9
219320,337182.8
220430.4,338828.4
222084.2,339751.2
223425.2,341161.5
225125.6,342061.2
173739.8,59752.1
226872.6,342940
228789.5,343007.3
230523.1,343628
231865.7,345019.5
233145.9,346440
234566.5,347821.8
235941.2,349197.9
237829.1,349592.6
239263.1,350964.5
240603.7,352411.8
174500.5,61554.2
241346.7,354185.3
241601.3,356154.6
241127.4,358082.1
240994.6,360066.7
239701.4,360698.6
237789.2,360561.9
236537.1,362039.6
235466.1,363327.8
234201.8,364847.3
232662.3,365749.1
175949.3,62813.9
231324.6,367191.2
230660.6,369034.7
230692.9,370915.7
229666.3,372563
227953,372692.7
225987,372903.8
224353,374006.8
223756.4,375864.1
223008.9,377575.9
221043.9,377636.6
453704.2,1164310.3
461593,1167665.7
461584.3,1165687
460621.7,1163954.1
459543,1162273.3
458469.6,1160630.8
454727.5,1166009.5
456627.8,1159939.5
454652.7,1160098
456203.6,1167341
457949.6,1168306.8
459915.1,1168462.8
